Tweets_with_anger,Tweets_with_boredom,Tweets_with_empty,Tweets_with_enthusiasm,Tweets_with_fun,Tweets_with_happiness,Tweets_with_hate,Tweets_with_love,Tweets_with_neutral,Tweets_with_relief,Tweets_with_sadness,Tweets_with_surprise,Tweets_with_worry,User Name
0,0,0,0,0,0,0,0,0,0,0,0,1,Zach
0,0,0,0,0,0,0,0,0,0,0,0,1,Nat Torkington
0,0,0,0,0,0,0,0,1,0,0,0,0,Ray Wert
0,0,0,0,0,0,0,0,1,0,0,0,0,Tarpo
0,0,0,0,0,0,0,0,1,0,0,0,0,Craig Sheppard
0,0,0,0,0,0,0,0,1,0,0,0,0,Robert Cox
0,0,0,0,0,0,0,0,0,0,0,0,1,Ben Berry
0,0,0,0,0,0,0,0,1,0,0,0,0,Dennis Bullock
0,0,0,0,0,0,0,0,1,0,0,0,0,Don't Leave Blank
0,0,0,0,0,0,0,0,1,0,0,0,0,"Lynn ""Star"" Rain"
0,0,0,0,0,0,0,0,1,0,0,0,0,????? ?????
0,0,0,0,0,0,0,0,1,0,0,0,0,Marlow FM 97.5
0,0,0,0,0,0,0,0,1,0,0,0,0,Bailey's Taproom
0,0,0,0,0,0,0,0,1,0,0,0,0,Jason Bockchain
0,0,0,0,0,0,0,0,1,0,0,0,0,Joey Pasco
0,0,0,0,0,0,0,0,1,0,0,0,0,Unquiet
0,0,0,0,0,1,0,0,0,0,0,0,0,An-GELI-ca
0,0,0,0,0,0,0,0,0,0,0,0,1,Tom Isaacson
0,0,0,0,0,0,0,0,0,0,0,0,1,Wendyla
0,0,0,0,0,1,0,0,0,0,0,0,0,Paul Braren
0,0,0,0,0,0,0,0,1,0,0,0,0,Ryan Bradley
0,0,0,0,0,0,0,0,0,0,0,0,1,Penn College
0,0,0,0,0,0,0,0,1,0,0,0,0,ray reynolds
0,0,0,0,0,1,0,0,0,0,0,0,0,Matthew Yglesias
0,0,0,0,0,0,0,0,0,0,0,0,1,Your Old Pal ?
0,0,0,0,0,0,0,0,1,0,0,0,0,Reader's Digest
0,0,0,0,0,0,0,0,1,0,0,0,0,Laurie Marshall
0,0,0,0,0,0,0,0,1,0,0,0,0,Kyle Clark
0,0,0,0,0,0,0,0,1,0,0,0,0,Dallas Morning News
0,0,0,0,0,0,0,0,1,0,0,0,0,UW-Milwaukee
0,0,0,0,0,0,0,0,2,0,0,0,1,Dave O'Hara
0,0,0,0,0,0,0,0,1,0,0,0,0,Ken Cox ?
0,0,0,0,0,0,0,0,1,0,0,0,0,smartin1
0,0,0,0,0,0,0,0,1,0,0,0,0,mundo
0,0,0,0,0,0,0,0,1,0,0,0,0,Sherri Alexander
0,0,0,0,0,0,0,0,1,0,0,0,0,Mark Douglas #BlueWave2018
0,0,0,0,0,0,0,0,0,0,0,0,1,Lauren Madara ?
0,0,0,0,0,0,0,0,1,0,0,0,0,Barbara H
0,0,0,0,0,0,0,0,2,0,0,0,0,redhare
0,0,0,0,0,0,0,0,1,0,0,0,0,UA Anchorage
0,0,0,0,0,0,0,0,1,0,0,0,0,Vito Andolini
0,0,0,0,0,0,0,0,1,0,0,0,0,Chico State
0,0,0,0,0,1,0,0,0,0,0,0,0,Joe Hageman
0,0,0,0,0,1,0,0,0,0,0,0,0,Adam Eisenberg
0,0,0,0,0,0,0,0,0,0,0,0,1,mattmalek
0,0,0,0,0,0,0,0,1,0,0,0,0,Jeff Wilson
0,0,0,0,0,0,0,0,0,0,0,0,1,Natalee
0,0,0,0,0,0,0,0,1,0,0,0,0,wissportsfan
0,0,0,0,0,0,0,0,1,0,0,0,0,Doug Skinner
0,0,0,0,0,0,0,0,0,0,0,0,1,Tim Boehde
0,0,0,0,0,0,0,0,1,0,0,0,0,SmartMow
0,0,0,0,0,1,0,0,0,0,0,0,0,Paige
0,0,0,0,0,0,0,0,0,0,0,0,1,Rick Singer
0,0,0,0,0,0,0,0,0,0,0,0,1,Juliette Price
0,0,0,0,0,0,0,0,1,0,0,0,0,Randi Newport
0,0,0,0,0,1,0,0,0,0,0,0,1,Frank_Andrzejewski
0,0,0,0,0,0,0,0,0,0,0,0,1,Brian Marette
0,0,0,0,0,0,0,0,1,0,0,0,1,rustbeltjacobin ?
0,0,0,0,0,0,0,0,0,0,0,0,1,Elaine Parker-Boyd ?
0,0,0,0,0,0,0,0,1,0,0,0,0,Bryan McGrath
0,0,0,0,0,0,0,0,1,0,0,0,0,Tin Nguyen
0,0,0,0,0,0,0,0,2,0,0,0,0,Prof. G.
0,0,0,0,0,0,0,0,0,0,0,0,1,Scott Renshaw
0,0,0,0,0,0,0,0,1,0,0,0,0,Rtn Peter Saville
0,0,0,0,0,0,0,0,1,0,0,0,0,Mikey Lord
0,0,0,0,0,0,0,0,1,0,0,0,0,City of Edmonton
0,0,0,0,0,0,0,0,0,0,0,0,1,West Wing Reports
0,0,0,0,0,0,0,0,1,0,0,0,0,UofHartford
0,0,0,0,0,0,0,0,2,0,0,0,0,DEBBIE  MASSEY
0,0,0,0,0,0,0,0,1,0,0,0,0,??Empress of the Void ??
0,0,0,0,0,0,0,0,1,0,0,0,0,Geo ???
0,0,0,0,0,0,0,0,1,0,0,0,0,The Corcoran Group
0,0,0,0,0,0,0,0,1,0,0,0,1,???? ????
0,0,0,0,0,0,0,0,1,0,0,0,1,M
0,0,0,0,0,0,0,0,1,0,0,0,0,Kate Ray
0,0,0,0,0,0,0,0,1,0,0,0,0,The Dewman - Super Elite Stable Genius
0,0,0,0,0,0,0,1,0,0,0,0,0,Sharon
0,0,0,0,0,0,0,0,1,0,0,0,0,Saturday Market
0,0,0,0,0,0,0,1,0,0,0,0,0,John Dissauer
0,0,0,0,0,0,0,0,0,0,0,0,1,xenubarb
0,0,0,0,0,0,0,0,0,0,0,0,1,godsfavoritemick
0,0,0,0,0,0,0,0,0,0,0,0,1,Daniel Hurley
0,0,0,0,0,0,0,0,0,0,0,0,1,Corey T Queen
0,0,0,0,0,0,0,0,1,0,0,0,0,Eric Cummings
0,0,0,0,0,0,0,0,1,0,0,0,0,Random Ryan ?
0,0,0,0,0,0,0,0,1,0,0,0,0,David Milburn
0,0,0,0,0,0,0,0,0,0,0,0,1,Dr. Daliah
0,0,0,0,0,0,0,0,1,0,0,0,0,onesoldiersmom
0,0,0,0,0,0,0,0,4,0,0,0,0,Erin M Johnson
0,0,0,0,0,0,0,0,0,0,0,0,1,IG:Jay_Anthony27
0,0,0,0,0,0,0,0,1,0,0,0,0,Steve Collins
0,0,0,0,0,0,0,0,1,0,0,0,0,joanne napier
0,0,0,0,0,1,0,0,0,0,0,0,0,Williamson Herald
0,0,0,0,0,0,0,0,1,0,0,0,0,Paul Merrifield
0,0,0,0,0,0,0,0,1,0,0,0,0,Jeremy Ratliff
0,0,0,0,0,0,0,0,1,0,0,0,0,SIUC
0,0,0,0,0,0,0,0,1,0,0,0,0,bouy??ncy??
0,0,0,0,0,0,0,0,1,0,0,0,0,Choice MC
0,0,0,0,0,0,0,0,1,0,0,0,0,Steve
0,0,0,0,0,0,0,0,0,0,0,0,1,Kyle Valanne
0,0,0,0,0,0,0,0,1,0,0,0,0,Asnuntuck
0,0,0,0,0,0,0,0,0,0,0,0,1,Restin bitch face
0,0,0,0,0,0,0,0,1,0,0,0,1,meeeeeeeeeeeeeee
0,0,0,0,0,0,0,0,0,0,0,0,1,Ned Staebler
0,0,0,0,0,0,0,0,0,0,0,0,1,Chris VanCleave
0,0,0,0,0,0,0,0,0,0,0,0,1,Bob West
0,0,0,0,0,0,0,0,2,0,0,0,0,Sonia Prince
0,0,0,0,0,0,0,0,2,0,0,0,1,Outdoor Movies BC
0,0,0,0,0,0,0,0,1,0,0,0,0,Andrew McLaren
0,0,0,0,0,0,0,0,1,0,0,0,0,Alyzande Renard ?
0,0,0,0,0,0,0,0,1,0,0,0,0,Braylen's Daddy
0,0,0,0,0,0,0,0,1,0,0,0,0,Natalie Wagner
0,0,0,0,0,0,0,0,1,0,0,0,0,Cyn Uehara/Stampin MunchKins
0,0,0,0,0,0,0,0,1,0,0,0,0,where's the damn bus
0,0,0,0,0,0,0,0,0,0,0,0,1,DarkCanuck17
0,0,0,0,0,0,0,0,0,0,0,0,1,Ronald Reagans Ghost ??
0,0,0,0,0,0,0,0,0,0,0,0,1,IEMBot AFG
0,0,0,0,0,0,0,0,0,0,0,0,1,Scott Springer
0,0,0,0,0,0,0,0,1,0,0,0,0,keely
0,0,0,0,0,0,0,0,0,0,0,0,1,Brooke Harrison
0,0,0,0,0,1,0,0,1,0,0,0,0,???Gennifer ?? ?
0,0,0,0,0,0,0,0,1,0,0,0,0,Boston Review
0,0,0,0,0,0,0,0,1,0,0,0,0,Susan
0,0,0,0,0,0,0,0,1,0,0,0,0,????peaves????
0,0,0,0,0,0,0,0,1,0,0,0,0,Tera Flop
0,0,0,0,0,0,0,0,1,0,0,0,0,Ben Knapple
0,0,0,0,0,0,0,0,0,0,0,0,1,Dr DL Bryant Kemp
0,0,0,0,0,0,0,0,1,0,0,0,0,Angie McDermid
0,0,0,0,0,0,0,0,0,0,0,0,1,Charlotte Ashley
0,0,0,0,0,0,0,0,1,0,0,0,0,Miranda Allen
0,0,0,0,0,0,0,0,1,0,0,0,0,Adrian McCarthy
0,0,0,0,0,0,0,0,1,0,0,0,0,Sprinkler Warehouse
0,0,0,0,0,0,0,0,1,0,0,0,0,Stanley Collymore
0,0,0,0,0,0,0,0,1,0,0,0,0,Holly B. Schulz
0,0,0,0,0,0,0,0,0,0,0,0,1,Winter Park Now
0,0,0,0,0,0,0,0,0,0,0,0,1,Rick Gerwin
0,0,0,0,0,0,0,0,0,0,0,0,1,Jenelle Frances
0,0,0,0,0,0,0,0,1,0,0,0,0,San Diego Christian College
0,0,0,0,0,0,0,0,1,0,0,0,0,Andrew J. Winter
0,0,0,0,0,0,0,0,0,0,0,0,1,2 Honest
0,0,0,0,0,0,0,0,1,0,0,0,0,Dustin Gehrig
0,0,0,0,0,0,0,0,0,0,0,0,1,Rebecca Bynum
0,0,0,0,0,0,0,0,1,0,0,0,0,Jon
0,0,0,0,0,0,0,0,1,0,0,0,0,joe gigele
0,0,0,0,0,0,0,0,0,0,0,0,1,Sara Kirkley
0,0,0,0,0,0,0,0,1,0,0,0,0,Christopher Tidrick
0,0,0,0,0,0,0,1,0,0,0,0,0,Tom Tevlin
0,0,0,0,0,0,0,0,1,0,0,0,0,Jeannette LeBlanc
0,0,0,0,0,0,0,0,0,0,0,0,1,Hud Bannon
0,0,0,0,0,0,0,0,2,0,0,0,0,cool cat
0,0,0,0,0,0,0,0,1,0,0,0,0,IHSA ScoreZone
0,0,0,0,0,0,0,0,0,0,0,0,1,COMICGEDDON TV (Shannon)
0,0,0,0,0,1,0,0,0,0,0,0,0,Brent Schoonover
0,0,0,0,0,0,0,0,1,0,0,0,0,Tudor Place
0,0,0,0,0,0,0,0,0,0,0,0,1,D.C. Douglas ?
0,0,0,0,0,0,0,0,0,0,0,0,1,C.E. Little
0,0,0,0,0,1,0,0,0,0,0,0,0,#StJohnsNow
0,0,0,0,0,0,0,0,0,0,0,0,1,Grant Jacob
0,0,0,0,0,0,0,0,1,0,0,0,0,MonstermattPatterson
0,0,0,0,0,0,0,0,1,0,0,0,0,Penny A. Pollard
0,0,0,0,0,1,0,0,1,0,0,0,0,Diana Fitzgerald
0,0,0,0,0,0,0,0,0,0,0,0,1,C. Reider
0,0,0,0,0,0,0,0,1,0,0,0,0,David Booth
0,0,0,0,0,0,0,0,1,0,0,0,0,Matt Lyman
0,0,0,0,0,0,0,0,1,0,0,0,0,Hilary Goldstein
0,0,0,0,0,0,0,0,0,0,0,0,1,Tate
0,0,0,0,0,0,0,0,1,0,0,0,0,go run sandy.go
0,0,0,0,0,0,0,0,1,0,0,0,0,Kelly Mercer
0,0,0,0,0,0,0,0,2,0,0,0,0,Julie Nelson
0,0,0,0,0,0,0,0,1,0,0,0,0,Sandra Kimble
0,0,0,0,0,0,0,0,1,0,0,0,0,TMJ-COB Retail Jobs
0,0,0,0,0,0,0,0,1,0,0,0,0,#shoppingwithsandy
0,0,0,0,0,0,0,0,1,0,0,0,0,Tyson Mutrux
0,0,0,0,0,0,0,0,1,0,0,0,0,Alex Gorski
0,0,0,0,0,0,0,0,1,0,0,0,0,TMJ-GRN CstSrv Jobs
0,0,0,0,0,0,0,0,1,0,0,0,0,Seth Warren
0,0,0,0,0,0,0,0,3,0,0,0,0,Fabiansky
0,0,0,0,0,0,0,0,2,0,0,0,0,??oup??
0,0,0,0,0,0,0,0,0,0,1,0,0,Bonnie Kuncl
0,0,0,0,0,0,0,0,1,0,0,0,0,RWU CEN
0,0,0,0,0,0,0,0,1,0,0,0,0,Todd Stephen
0,0,0,0,0,0,0,0,1,0,0,0,0,PCreight
0,0,0,0,0,0,0,0,1,0,0,0,0,COTHI
0,0,0,0,0,0,0,0,1,0,0,0,0,morb
0,0,0,0,0,0,0,0,0,0,0,0,1,Patroler
0,0,0,0,0,1,0,0,0,0,0,0,0,Daniel Newman
0,0,0,0,0,0,0,0,1,0,0,0,0,bryan deeprose
0,0,0,0,0,0,0,0,1,0,0,0,0,Curtis Theatre
0,0,0,0,0,0,0,0,1,0,0,0,0,fleetstreetfox
0,0,0,0,0,0,0,0,2,0,0,0,0,Jeff   Lee
0,0,0,0,0,0,0,0,1,0,0,0,0,princess consuela
0,0,0,0,0,0,0,0,1,0,0,0,0,Tombfyre
0,0,0,0,0,0,0,0,0,0,0,0,1,Lance
0,0,0,0,0,0,0,0,1,0,0,0,0,Anthony O'Connor
0,0,0,0,0,1,0,0,0,0,0,0,0,TMJ-FLF Retail Jobs
0,0,0,0,0,0,0,0,1,0,0,0,0,Perez Maxwell
0,0,0,0,0,0,0,0,1,0,0,0,0,rory
0,0,0,0,0,0,0,0,1,0,0,0,0,SU Student Activities Committee
0,0,0,0,0,0,0,0,0,0,0,0,1,Kevin Barr
0,0,0,0,0,0,0,0,0,0,0,0,1,Eric Foster
0,0,0,0,0,0,0,0,0,0,0,0,1,Jon Shaban ????
0,0,0,0,0,0,0,0,1,0,0,0,0,(((John))) is mad on the Internet
0,0,0,0,0,0,0,0,1,0,0,0,0,Chris Holland
0,0,0,0,0,0,0,0,1,0,0,0,0,Crazy Aunt Betty
0,0,0,0,0,1,0,0,0,0,0,0,0,CalvaryNSB
0,0,0,0,0,0,0,0,1,0,0,0,0,JP
0,0,0,0,0,0,0,0,1,0,0,0,0,babykorii ?
0,0,0,0,0,0,0,1,0,0,0,0,0,Grasshopper Lawns
0,0,0,0,0,0,0,0,0,0,0,0,1,Rod Chaffee
0,0,0,0,0,0,0,0,1,0,0,0,0,Fred Genest ? ??
0,0,0,0,0,0,0,0,1,0,0,0,0,Garrett Bell
0,0,0,0,0,0,0,0,1,0,0,0,0,Josh Hamilton
0,0,0,0,0,0,0,0,1,0,0,0,0,Seritaph
0,0,0,0,0,1,0,0,0,0,0,0,0,J. Clubs
0,0,0,0,0,0,0,0,1,0,0,0,0,BarCode ???
0,0,0,0,0,0,0,0,1,0,0,0,0,Steff
0,0,0,0,0,0,0,0,0,0,0,0,1,Craig Bean ?
0,0,0,0,0,0,0,0,1,0,0,0,0,KJ
0,0,0,0,0,0,0,0,1,0,0,0,0,Granite City Tool
0,0,0,0,0,0,0,0,3,0,0,0,0,Jason
0,0,0,0,0,0,0,0,0,0,0,0,1,KG4AOH
0,0,0,0,0,0,0,0,1,0,0,0,0,Scotty Bell
0,0,0,0,0,0,0,0,1,0,0,0,0,Cosmic Bitch
0,0,0,0,0,0,0,1,0,0,0,0,0,Jon Boast
0,0,0,0,0,0,0,0,1,0,0,0,0,Lawnmower Hospital
0,0,0,0,0,1,0,0,0,0,0,0,0,RT
0,0,0,0,0,0,0,0,1,0,0,0,0,Mark Grath
0,0,0,0,0,0,0,0,1,0,0,0,0,Cat Cat
0,0,0,0,0,0,0,0,0,0,0,0,1,Phish_Lyrics_bot
0,0,0,0,0,0,0,0,1,0,0,0,0,sounders-WWWWWWWWarrior
0,0,0,0,0,0,0,0,1,0,0,0,0,??????RESTARUTO POINT
0,0,0,0,0,0,0,0,1,0,0,0,0,??s????. ??
0,0,0,0,0,0,0,0,1,0,0,0,0,Zac Celedonia
0,0,0,0,0,0,0,0,1,0,0,0,0,Missy??
0,0,0,0,0,0,0,0,1,0,0,0,0,Scott
0,0,0,0,0,0,0,0,4,0,0,0,2,CashorTrade
0,0,0,0,0,0,0,0,1,0,0,0,0,City of Ontario
0,0,0,0,0,0,0,0,1,0,0,0,0,UK Business Network
0,0,0,0,0,0,0,0,0,0,0,0,1,The Grounds Guys
0,0,0,0,0,0,0,0,1,0,0,0,0,CevicheFoodTruck
0,0,0,0,0,0,0,0,1,0,0,0,0,KT
0,0,0,0,0,0,0,0,0,0,0,0,1,my tropical paradise ????
0,0,0,0,0,0,0,0,0,0,0,0,1,ingrid
0,0,0,0,0,0,0,0,0,0,0,0,1,Sarah Stout
0,0,0,0,0,0,0,0,1,0,0,0,0,Matthew Creamer
0,0,0,0,0,0,0,0,1,0,0,0,0,Lee Markosian
0,0,0,0,0,0,0,0,0,0,0,0,1,Awful Announcing
0,0,0,0,0,0,0,0,0,0,0,0,1,(((Sean Robbins))) genius unstabled
0,0,0,0,0,0,0,0,0,0,0,0,1,Coach DP
0,0,0,0,0,0,0,0,1,0,0,0,0,Grimnir
0,0,0,0,0,0,0,0,0,0,0,0,1,Jill
0,0,0,0,0,0,0,0,1,0,0,0,0,Sarah L.
0,0,0,0,0,0,0,0,0,0,0,0,1,SN0WBLACK_THE_ORACLE
0,0,0,0,0,0,0,0,1,0,0,0,0,stan
0,0,0,0,0,0,0,0,1,0,0,0,0,SLC Involvement
0,0,0,0,0,0,0,0,0,0,0,0,1,veronaway2
0,0,0,0,0,0,0,0,1,0,0,0,0,Wesley K. Morgan
0,0,0,0,0,0,0,0,1,0,0,0,0,Princess Tiombe
0,0,0,0,0,0,0,0,0,0,0,0,1,The CupofCoffee Podcast
0,0,0,0,0,0,0,0,1,0,0,0,0,UWSA
0,0,0,0,0,0,0,1,0,0,0,0,0,Dad with a Beer
0,0,0,0,0,0,0,0,1,0,0,0,0,????? ?????? ?????
0,0,0,0,0,0,0,0,0,0,0,0,1,Paul Lawrence
0,0,0,0,0,0,0,0,2,0,0,0,1,Oliver Gerlach
0,0,0,0,0,0,0,0,1,0,0,0,0,jeremy rosenberg ?
0,0,0,0,0,0,0,0,1,0,0,0,0,Jessica Meyers
0,0,0,0,0,0,0,0,1,0,0,0,0,Lorraine Blackwell
0,0,0,0,0,0,0,0,0,0,0,0,1,The Angry Runner
0,0,0,0,0,0,0,0,1,0,0,0,0,Bob Wilson
0,0,0,0,0,0,0,0,1,0,0,0,0,Chad Bordwell
0,0,0,0,0,0,0,0,0,0,0,0,1,Davers ??
0,0,0,0,0,0,0,0,1,0,0,0,0,Colin Bagley
0,0,0,0,0,0,0,1,0,0,0,0,0,Gene McDonald
0,0,0,0,0,0,0,0,1,0,0,0,0,Rhys
0,0,0,0,0,1,0,0,0,0,0,0,0,need Tacos
0,0,0,0,0,0,0,0,1,0,0,0,0,Andrew Friend
0,0,0,0,0,0,0,0,0,0,0,0,1,George Scott
0,0,0,0,0,0,0,0,1,0,0,0,0,Eyleen Nadolny
0,0,0,0,0,0,0,0,1,0,0,0,0,jennifer h
0,0,0,0,0,0,0,1,1,0,0,0,0,JL
0,0,0,0,0,0,0,0,1,0,0,0,0,Alex Schiffer
0,0,0,0,0,0,0,0,0,0,0,0,1,Professor Smartass
0,0,0,0,0,0,0,0,0,0,0,0,1,?JTUCK?
0,0,0,0,0,0,0,0,0,0,0,0,1,Adam BL
0,0,0,0,0,1,0,0,0,0,0,0,0,Jim Schultz
0,0,0,0,0,0,0,0,1,0,0,0,0,The Phunion
0,0,0,0,0,0,0,0,1,0,0,0,0,Myriad Gardens
0,0,0,0,0,0,0,0,1,0,0,0,0,jac Lindell
0,0,0,0,0,0,0,0,1,0,0,0,0,demurely1
0,0,0,0,0,0,0,0,1,0,0,0,0,BadToss
0,0,0,0,0,0,0,0,1,0,0,0,0,Linda Bawn
0,0,0,0,0,0,0,0,0,0,0,0,1,Vivienne Wagner
0,0,0,0,0,0,0,0,0,0,0,0,1,ashley
0,0,0,0,0,0,0,0,1,0,0,0,0,Zambuka
0,0,0,0,0,0,0,0,0,0,0,0,1,Nikki Lorraine
0,0,0,0,0,0,0,0,0,0,0,0,1,Trish Gray
0,0,0,0,0,0,0,0,0,0,0,0,1,Caitlin Oliver
0,0,0,0,0,0,0,0,1,0,0,0,0,Chuck Pearson
0,0,0,0,0,1,0,0,0,0,0,0,0,cotton candy pink ?
0,0,0,0,0,0,0,0,1,0,0,0,0,Nicolas Lauffer
0,0,0,0,0,0,0,0,2,0,0,0,0,Laslo Krasuljak
0,0,0,0,0,0,0,0,0,0,0,0,1,Sam Bernard
0,0,0,0,0,0,0,0,1,0,0,0,0,Matt Anderson
0,0,0,0,0,0,0,0,0,0,0,0,1,Dr. Implorable
0,0,0,0,0,0,0,0,0,0,0,0,1,Riya and the Wasp ?
0,0,0,0,0,0,0,0,1,0,0,0,0,susanne white
0,0,0,0,0,0,0,0,1,0,0,0,0,Efrain Rojas
0,0,0,0,0,0,0,0,1,0,0,0,0,Love Me Right. ??
0,0,0,0,0,0,0,0,1,0,0,0,0,Wilbert Jenniskens
0,0,0,0,0,0,0,0,0,0,0,0,1,David Newhall
0,0,0,0,0,0,0,0,1,0,0,0,0,Maliha Rehman
0,0,0,0,0,0,0,0,0,0,0,0,1,Nate the Beard
0,0,0,0,0,0,0,0,0,0,0,0,1,?The Irate Penguin ????
0,0,0,0,0,0,0,0,1,0,0,0,0,Temudi Videos
0,0,0,0,0,0,0,0,0,0,0,0,1,Louise Clodd
0,0,0,0,0,0,0,0,1,0,0,0,0,Aurora Jobs
0,0,0,0,0,0,0,0,1,0,0,0,0,Wopo
0,0,0,0,0,0,0,0,0,0,0,0,1,ham
0,0,0,0,0,0,0,0,0,0,0,0,1,CheyTai ?
0,0,0,0,0,0,0,0,1,0,0,0,0,Buxton Freegle
0,0,0,0,0,0,0,0,1,0,0,0,0,Syed Sajjad
0,0,0,0,0,0,0,0,1,0,0,0,0,Scott C. Noble
0,0,0,0,0,0,0,0,0,0,0,0,1,Dawne
0,0,0,0,0,0,0,0,1,0,0,0,0,Libby Reiher
0,0,0,0,0,0,0,0,0,0,0,0,1,????Mason Flynt????
0,0,0,0,0,0,0,0,0,0,0,0,1,Sean Burns
0,0,0,0,0,0,0,0,1,0,0,0,0,UM Club of Michiana
0,0,0,0,0,0,0,0,1,0,0,0,0,cliffunex
0,0,0,0,0,0,0,0,0,0,0,0,1,Not Quite Right.
0,0,0,0,0,0,0,0,0,0,0,0,1,Melissa Diaz
0,0,0,0,0,1,0,0,0,0,0,0,0,MichelefromdaBronx
0,0,0,0,0,0,0,0,1,0,0,0,0,JMA
0,0,0,0,0,0,0,0,0,0,0,0,1,??Whit-Knee??
0,0,0,0,0,0,0,0,0,0,0,0,1,Lisa
0,0,0,0,0,0,0,0,1,0,0,0,0,Dylan Lawing
0,0,0,0,0,0,0,0,0,0,0,0,1,HurricaneJosBa
0,0,0,0,0,0,0,0,0,0,0,0,1,Relentless Investor
0,0,0,0,0,0,0,0,1,0,0,0,0,"Chicago Lawn, IL"
0,0,0,0,0,0,0,0,0,0,0,0,1,Oak Wood
0,0,0,0,0,0,0,0,1,0,0,0,0,SuperKarateHonkey
0,0,0,0,0,0,0,0,1,0,0,0,0,"Oak Lawn, Illinois"
0,0,0,0,0,0,0,0,0,0,0,0,1,Sonya S
0,0,0,0,0,0,0,0,1,0,0,0,0,Brian C Luscher
0,0,0,0,0,0,0,0,1,0,0,0,0,SmartLawnQuote.com
0,0,0,0,0,0,0,0,0,0,0,0,1,Nick D.
0,0,0,0,0,0,0,0,1,0,0,0,0,imawookie2
0,0,0,0,0,1,0,0,0,0,0,0,0,girl on fire! ????????
0,0,0,0,0,0,0,0,1,0,0,0,0,Rhiannnaaa
0,0,0,0,0,0,0,0,0,0,0,0,1,Clover Lawn
0,0,0,0,0,0,0,0,0,0,0,0,1,Joe Leonard
0,0,0,0,0,0,0,0,1,0,0,0,0,ineed buzzed
0,0,0,0,0,0,0,0,0,0,0,0,1,Country Archer
0,0,0,0,0,0,0,0,0,0,0,0,1,JP82
0,0,0,0,0,0,0,0,1,0,0,0,0,nathan johnson
0,0,0,0,0,0,0,0,1,0,0,0,0,Justyn Robbins
0,0,0,0,0,0,0,0,0,0,0,0,1,Nasty Addie Tude
0,0,0,0,0,0,0,0,1,0,0,0,0,WI Resist
0,0,0,0,0,0,0,0,1,0,0,0,0,Wes Ory Lawn Coach
0,0,0,0,0,0,0,0,0,0,0,0,1,Nikki Iuliano??
0,0,0,0,0,0,0,0,1,0,0,0,0,??Kaki Miller??
0,0,0,0,0,0,0,0,1,0,0,0,0,Philalethean?Society
0,0,0,0,0,0,0,0,0,0,0,0,1,AJ Davis
0,0,0,0,0,0,0,0,1,0,0,0,0,FUCK
0,0,0,0,0,1,0,0,0,0,0,0,0,Josh Gottheimer
0,0,0,0,0,0,0,0,0,0,0,0,1,sam
0,0,0,0,0,1,0,0,0,0,0,0,0,Smokey
0,0,0,0,0,0,0,0,1,0,0,0,0,Dr. Lauren SheWolf
0,0,0,0,0,0,0,0,1,0,0,0,0,FakeFakeNedYost
0,0,0,0,0,0,0,0,1,0,0,0,0,RIVARD LAWN & LANDSCAPE SERVICE
0,0,0,0,0,0,0,0,0,0,0,0,1,absolute s h i t h e a d
0,0,0,0,0,0,0,0,1,0,0,0,0,Lalo1211
0,0,0,0,0,0,0,0,1,0,0,0,0,Stryker
0,0,0,0,0,0,0,0,1,0,0,0,0,Kingstardeluxe
0,0,0,0,0,0,0,0,1,0,0,0,0,Brett W. Gould
0,0,0,0,0,0,0,0,1,0,0,0,0,GEM Sports
0,0,0,0,0,0,0,0,1,0,0,0,0,UNIA JAMAICA
0,0,0,0,0,0,0,0,1,0,0,0,0,Anas Qazi
0,0,0,0,0,0,0,0,1,0,0,0,0,gringo de pura cepa
0,0,0,0,0,0,0,0,0,0,0,0,1,Big Bad Jon
0,0,0,0,0,0,0,0,1,0,0,0,1,Simon Saunders
0,0,0,0,0,0,0,0,0,0,0,0,1,WilsonSevereWX
0,0,0,0,0,0,0,0,1,0,0,0,0,John Williams
0,0,0,0,0,0,0,0,1,0,0,0,0,stephen m pevarnik
0,0,0,0,0,0,0,0,1,0,0,0,0,A J Nock
0,0,0,0,0,0,0,0,1,0,0,0,0,Maddie
0,0,0,0,0,0,0,0,0,0,0,0,1,Zo?
0,0,0,0,0,0,0,0,0,0,0,0,1,Allie Lawn
0,0,0,0,0,1,0,0,0,0,0,0,0,Beatriz Bonilla Sand
0,0,0,0,0,1,0,0,0,0,0,0,0,Timothy Fry
0,0,0,0,0,0,0,0,1,0,0,0,0,Kimberly Salisbury
0,0,0,0,0,0,0,0,1,0,0,0,0,Fairway Solitaire
0,0,0,0,0,0,0,0,0,0,0,0,1,Phil B Q
0,0,0,0,0,0,0,0,1,0,0,0,0,Johann Koehler
0,0,0,0,0,1,0,0,1,0,0,0,0,WCK foundationrepair
0,0,0,0,0,0,0,0,0,0,0,0,1,bishop
0,0,0,0,0,0,0,0,1,0,0,0,0,EKS Events
0,0,0,0,0,0,0,0,0,0,0,0,1,The Pumpkin King
0,0,0,0,0,0,0,0,0,0,0,0,1,ILiveInEastVan
0,0,0,0,0,0,0,0,1,0,0,0,0,tash ?
0,0,0,0,0,0,0,0,1,0,0,0,0,Bolshie Bear
0,0,0,0,0,0,0,0,1,0,0,0,0,Brushing Off
0,0,0,0,0,1,0,0,0,0,0,0,0,Design A House
0,0,0,0,0,0,0,0,0,0,0,0,1,Alyssa ?
0,0,0,0,0,0,0,0,1,0,0,0,0,Paul Rutter
0,0,0,0,0,1,0,0,0,0,0,0,0,Antiques & The Arts
0,0,0,0,0,0,0,0,1,0,0,0,0,Kamil_Kamikazi
0,0,0,0,0,0,0,0,1,0,0,0,0,Santa Fe Railyard
0,0,0,0,0,0,0,0,0,0,0,0,1,mike phipps
0,0,0,0,0,0,0,0,0,0,0,0,1,Michael Cooper
0,0,0,0,0,0,0,0,0,0,0,0,1,Robert Kiraly
0,0,0,0,0,0,0,0,1,0,0,0,0,Melbourne News
0,0,0,0,0,0,0,0,1,0,0,0,0,Cleveland
0,0,0,0,0,0,0,0,1,0,0,0,0,No-Kill Toronto
0,0,0,0,0,0,0,0,1,0,0,0,0,Washington County MD
0,0,0,0,0,0,0,0,1,0,0,0,0,WWE Fans Girl
0,0,0,0,0,0,0,0,0,0,0,0,1,Mike Driscoll
0,0,0,0,0,1,0,0,0,0,0,0,0,la spooky conejita?
0,0,0,0,0,0,0,0,0,0,1,0,0,donald mckiegan
0,0,0,0,0,0,0,0,1,0,0,0,0,Justin
0,0,0,0,0,0,0,0,1,0,0,0,0,UHS
0,0,0,0,0,0,0,0,1,0,0,0,0,spooky shlime ??
0,0,0,0,0,0,0,1,0,0,0,0,0,jenn
0,0,0,0,0,0,0,0,1,0,0,0,0,Dennis Sweeney
0,0,0,0,0,0,0,0,1,0,0,0,0,Tennis fans club
0,0,0,0,0,0,0,0,0,0,0,0,1,Apocalypse Slouch
0,0,0,0,0,0,0,0,1,0,0,0,0,Thinkers' Lodge
0,0,0,0,0,0,0,0,1,0,0,0,0,ghostboy1225
0,0,0,0,0,0,0,0,1,0,0,0,0,Dave Morrison
0,0,0,0,0,0,0,0,1,0,0,0,0,Dawn
0,0,0,0,0,0,0,0,1,0,0,0,0,pathaani.
0,0,0,0,0,0,0,0,1,0,0,0,0,Lucas Costa
0,0,0,0,0,0,0,0,0,0,0,0,1,Sonia Castro
0,0,0,0,0,1,0,0,0,0,0,0,0,DJThighpads
0,0,0,0,0,2,0,0,0,0,0,0,0,Dan Rivers
0,0,0,0,0,1,0,0,0,0,0,0,1,Steve Coulter
0,0,0,0,0,0,0,0,1,0,0,0,0,hybridMusic
0,0,0,0,0,0,0,0,1,0,0,0,0,? November Spawned a Monster ?
0,0,0,0,0,0,0,0,1,0,0,0,0,Nuno R.
0,0,0,0,0,0,0,0,0,0,0,0,1,silver
0,0,0,0,0,0,0,0,1,0,0,0,0,Cathy Sweeney
0,0,0,0,0,1,0,0,0,0,0,0,0,Karina Austin
0,0,0,0,0,0,0,0,1,0,0,0,0,Rebecca Wolf  Hirsh
0,0,0,0,0,0,0,0,0,0,0,0,1,T
0,0,0,0,0,0,0,0,1,0,0,0,0,john
0,0,0,0,0,0,0,0,1,0,0,0,0,Jim Ely
0,0,0,0,0,0,0,0,1,0,0,0,0,Heather Schubert Horn
0,0,0,0,0,0,0,0,1,0,0,0,0,Kevin ? Alexander
0,0,0,0,0,0,0,0,0,0,0,0,1,Lil' Keyy ???
0,0,0,0,0,0,0,0,1,0,0,0,0,CHIEF ??
0,0,0,0,0,0,0,1,0,0,0,0,0,Kkwhat
0,0,0,0,0,0,0,0,1,0,0,0,0,TheCaribbeanBlogger
0,0,0,0,0,0,0,0,1,0,0,0,0,jessica horvath
0,0,0,0,0,0,0,0,1,0,0,0,0,Jordan
0,0,0,0,0,0,0,0,1,0,0,0,0,Pedro
0,0,0,0,0,0,0,0,1,0,0,0,0,Zach(the drunk one)
0,0,0,0,0,0,0,0,1,0,0,0,0,Notorious TBG
0,0,0,0,0,0,0,0,1,0,0,0,0,geet
0,0,0,0,0,0,0,0,1,0,0,0,0,DaveMedia_LNK
0,0,0,0,0,1,0,0,0,0,0,0,0,Anbiesk9s
0,0,0,0,0,0,0,0,2,0,0,0,0,Rachel
0,0,0,0,0,0,0,0,1,0,0,0,0,saVAge
0,0,0,0,0,0,0,0,2,0,0,0,3,Naomi Kritzer
0,0,0,0,0,0,0,0,0,0,0,0,1,Michael Goodwillie
0,0,0,0,0,0,0,0,1,0,0,0,0,Lawful Neutral
0,0,0,0,0,0,0,0,1,0,0,0,0,GODLY?
0,0,0,0,0,0,0,0,1,0,0,0,0,Alex&er
0,0,0,0,0,0,0,0,0,0,0,0,1,Matthew de Salles ? RTX London
0,0,0,0,0,0,0,0,0,0,0,0,1,Dumbo??????
0,0,0,0,0,0,0,0,0,0,0,0,1,Arik Steele
0,0,0,0,0,0,0,0,4,0,0,0,0,Jim White
0,0,0,0,0,0,0,0,1,0,0,0,0,Mow&BlowLawnService
0,0,0,0,0,0,0,0,0,0,0,0,1,papa G.O.A.T Mases
0,0,0,0,0,0,0,0,1,0,0,0,0,ya gurl becky
0,0,0,0,0,0,0,0,1,0,0,0,0,Matthew Perez
0,0,0,0,0,0,0,0,1,0,0,0,0,Inthefaceof.com
0,0,0,0,0,0,0,0,1,0,0,0,0,Levi Mize
0,0,0,0,0,0,0,0,1,0,0,0,1,Peter Rumancek
0,0,0,0,0,0,0,0,1,0,0,0,0,Ames Iowa
0,0,0,0,0,0,0,1,0,0,0,0,0,Joy Hinnant
0,0,0,0,0,0,0,0,0,0,0,0,1,Mike Mosbarger
0,0,0,0,0,0,0,0,0,0,0,0,1,Bill Waters
0,0,0,0,0,0,0,0,0,0,0,0,1,Uncle Beau
0,0,0,0,0,0,0,0,1,0,0,0,0,Swirly Daze
0,0,0,0,0,0,0,0,1,0,0,0,0,Butcher
0,0,0,0,0,0,0,1,0,0,0,0,0,Hank Hill
0,0,0,0,0,0,0,0,1,0,0,0,0,Ed Killer
0,0,0,0,0,0,0,0,1,0,0,0,0,Ox Tweets
0,0,0,0,0,0,0,0,1,0,0,0,0,Garden Dad
0,0,0,0,0,0,0,0,1,0,0,0,0,Blazey ?? | The Mancunian Candidate ??????
0,0,0,0,0,0,0,0,1,0,0,0,0,Fred Berndt
0,0,0,0,0,0,0,0,0,0,0,0,1,Steven D Urban
0,0,0,0,0,0,0,0,0,0,0,0,1,taryn ???????
0,0,0,0,0,0,0,0,1,0,0,0,0,Merle Clifford
0,0,0,0,0,0,0,0,1,0,0,0,0,Richard Spencer
0,0,0,0,0,0,0,0,1,0,0,0,0,Nate The Beer Guy (Official)
0,0,0,0,0,0,0,0,1,0,0,0,0,Sandra
0,0,0,0,0,0,0,0,1,0,0,0,0,Jannette Stewart
0,0,0,0,0,0,0,0,1,0,0,0,0,mary harris
0,0,0,0,0,0,0,0,1,0,0,0,0,traci??
0,0,0,0,0,0,0,0,1,0,0,0,0,? ?? DAY ?
0,0,0,0,0,0,0,0,0,0,0,0,1,Michael
0,0,0,0,0,0,0,0,1,0,0,0,0,"You know, swerve, left turn, steerin' wheel on 'em"
0,0,0,0,0,0,0,0,0,0,0,0,1,Ralph Whataworld
0,0,0,0,0,0,0,0,0,0,0,0,1,robin m
0,0,0,0,0,0,0,0,1,0,0,0,0,may ??
0,0,0,0,0,0,0,0,1,0,0,0,0,McBride Master Mgmt
0,0,0,0,0,0,0,0,1,0,0,0,0,Jason Danner
0,0,0,0,0,0,0,0,1,0,0,0,0,DakPets
0,0,0,0,0,0,0,0,0,0,0,0,1,Hammond Park Pool
0,0,0,0,0,0,0,0,3,0,0,0,1,DMB ticket Swap
0,0,0,0,0,0,0,0,1,0,0,0,0,Abe Froman?
0,0,0,0,0,0,0,0,1,0,0,0,0,??Muttley Crew??
0,0,0,0,0,0,0,0,0,0,0,0,1,Dylan Murphy
0,0,0,0,0,0,0,0,0,0,0,0,1,Newcomer
0,0,0,0,0,0,0,0,1,0,0,0,0,Villages-News
0,0,0,0,0,0,0,1,0,0,0,0,0,Catherine
0,0,0,0,0,0,0,0,1,0,0,0,0,spoopykens ?
0,0,0,0,0,0,0,0,1,0,0,0,0,tires and spares
0,0,0,0,0,0,0,0,1,0,0,0,0,G?i?
0,0,0,0,0,0,0,0,1,0,0,0,0,PCTIgirlssoccerlax
0,0,0,0,0,0,0,0,1,0,0,0,0,Lake Country Co-op
0,0,0,0,0,0,0,0,1,0,0,0,0,Noah C. Fisher
0,0,0,0,0,0,0,0,1,0,0,0,0,Greg Bell Media
0,0,0,0,0,0,0,0,1,0,0,0,0,Sabrina Wilhelm
0,0,0,0,0,0,0,0,0,0,0,0,1,Sharon
0,0,0,0,0,0,0,0,0,0,0,0,1,Judy Perry
0,0,0,0,0,0,0,0,0,0,0,0,1,baler
0,0,0,0,0,0,0,0,1,0,0,0,0,ReFindThis
0,0,0,0,0,0,0,0,0,0,0,0,1,George Dawson
0,0,0,0,0,0,0,0,1,0,0,0,0,RideauStone
0,0,0,0,0,0,0,0,0,0,0,0,1,Kilroy
0,0,0,0,0,0,0,0,0,0,0,0,1,NER The Iconoclast
0,0,0,0,0,0,0,0,1,0,0,0,0,Morris Wilson Jr
0,0,0,0,0,0,0,0,1,0,0,0,0,DigitalPour on Tap
0,0,0,0,0,0,0,0,1,0,0,0,0,Aaron Vallejo
0,0,0,0,0,0,0,0,1,0,0,0,0,Matthew Crawford
0,0,0,0,0,0,0,0,1,0,0,0,0,TabCat94
0,0,0,0,0,0,0,0,0,0,0,0,1,madi
0,0,0,0,0,0,0,0,1,0,0,0,0,jort
0,0,0,0,0,0,0,0,1,0,0,0,0,Andrew Felton
0,0,0,0,0,0,0,0,1,0,0,0,0,FalseCreekRowingClub
0,0,0,0,0,0,0,0,0,0,0,0,1,Ken Grant
0,0,0,0,0,0,0,0,0,0,0,0,1,Larry Fisherman
0,0,0,0,0,0,0,0,1,0,0,0,0,Leah
0,0,0,0,0,0,0,0,1,0,0,0,0,CRGPrestige
0,0,0,0,0,0,0,0,1,0,0,0,0,Justin U
0,0,0,0,0,0,0,0,1,0,0,0,0,Andy Rower
0,0,0,0,0,1,0,0,0,0,0,0,0,Lawn Plus LLC
0,0,0,0,0,0,0,0,1,0,0,0,0,Joe
0,0,0,0,0,0,0,0,1,0,0,0,0,Scott
0,0,0,0,0,0,0,0,1,0,0,0,0,Disney Gifts
0,0,0,0,0,0,0,0,1,0,0,0,0,Dave Macklin Band
0,0,0,0,0,0,0,0,1,0,0,0,0,REB
0,0,0,0,0,0,0,0,1,0,0,0,0,Boku No Bacon Bits
0,0,0,0,0,0,0,0,0,0,0,0,1,adams
0,0,0,0,0,0,0,0,1,0,0,0,0,Dan McKee
0,0,0,0,0,0,0,0,1,0,0,0,0,joe radic
0,0,0,0,0,0,0,0,1,0,0,0,0,Twerkowski
0,0,0,0,0,0,0,0,0,0,0,0,1,Carole Smith
0,0,0,0,0,0,0,0,1,0,0,0,0,shan
0,0,0,0,0,0,0,0,1,0,0,0,0,Andrew Lundeen
0,0,0,0,0,1,0,0,0,0,0,0,0,ISO-true people
0,0,0,0,0,0,0,0,0,0,0,0,1,miscelLAYNIEous
0,0,0,0,0,0,0,0,0,0,0,0,1,Anthony McNamara
0,0,0,0,0,0,0,0,0,0,0,0,1,Amanda R Jeyaretnam
0,0,0,0,0,1,0,0,0,0,0,0,0,Alex Coppock
0,0,0,0,0,0,0,0,0,0,0,0,1,Josh Fischel
0,0,0,0,0,0,0,0,0,0,0,0,1,alexis smith
0,0,0,0,0,0,0,0,1,0,0,0,0,The1MeowQueen
0,0,0,0,0,0,0,0,0,0,0,0,1,laurel
0,0,0,0,0,0,0,0,0,0,0,0,1,John Fischesser
0,0,0,0,0,0,0,0,1,0,0,0,0,Colleen Hildreth
0,0,0,0,0,0,0,0,1,0,0,0,0,TFB
0,0,0,0,0,0,0,0,0,0,0,0,1,Jobs-Pensacola
0,0,0,0,0,0,0,0,1,0,0,0,0,Caleb Ring
0,0,0,0,0,0,0,0,0,0,0,0,1,Liz
0,0,0,0,0,0,0,0,1,0,0,0,0,Rita Hollock
0,0,0,0,0,0,0,0,1,0,0,0,0,alo~
0,0,0,0,0,0,0,0,0,0,0,0,1,Have Another Donut
0,0,0,0,0,0,0,0,0,0,0,0,1,Freddie Rice
0,0,0,0,0,1,0,0,1,0,0,0,2,Khalil Monger
0,0,0,0,0,0,0,0,1,0,0,0,0,bellezzamortale ?
0,0,0,0,0,0,0,0,1,0,0,0,0,Fake Lou Henson
0,0,0,0,0,0,0,0,0,0,0,0,1,Michigan Man883
0,0,0,0,0,0,0,0,1,0,0,0,0,Wendy LaFleur
0,0,0,0,0,0,0,0,0,0,0,0,1,Lauren
0,0,0,0,0,0,0,0,1,0,0,0,0,Growdammit!
0,0,0,0,0,0,0,0,0,0,0,0,1,Orville Taborn
0,0,0,0,0,0,0,0,0,0,0,0,1,Jim C
0,0,0,0,0,0,0,0,0,0,0,0,1,?????? ?????????? (Taha)
0,0,0,0,0,0,0,0,1,0,0,0,0,Kayli Schaaf
0,0,0,0,0,0,0,0,1,0,0,0,0,how X is that Y
0,0,0,0,0,0,0,0,1,0,0,0,0,?
0,0,0,0,0,0,0,0,0,0,0,0,1,Paul:The Pains of Growing??
0,0,0,0,0,0,0,0,1,0,0,0,0,Malcolm McCoard
0,0,0,0,0,0,0,0,0,0,0,0,1,Jaytee
0,0,0,0,0,0,0,0,1,0,0,0,0,Stephanie Stray Cow
0,0,0,0,0,0,0,0,1,0,0,0,0,patricia therrien
0,0,0,0,0,0,0,0,1,0,0,0,0,Iris ??????
0,0,0,0,0,0,0,0,0,0,0,0,1,Michael Robinson
0,0,0,0,0,0,0,0,1,0,0,0,0,Brent Markham
0,0,0,0,0,0,0,0,1,0,0,0,0,Gavin Campbell
0,0,0,0,0,0,0,0,0,0,0,0,1,Tam~
0,0,0,0,0,0,0,0,1,0,0,0,0,Zanda was at FM
0,0,0,0,0,0,0,0,1,0,0,0,0,NewMexicoOutreach
0,0,0,0,0,0,0,0,1,0,0,0,0,tom
0,0,0,0,0,0,0,0,0,0,0,0,1,Tashia Gonzales
0,0,0,0,0,0,0,0,0,0,0,0,1,herman maestas
0,0,0,0,0,0,0,0,1,0,0,0,0,bestlawnmower2018
0,0,0,0,0,0,0,0,1,0,0,0,0,Lionel the Intolerant Leftist
0,0,0,0,0,0,0,0,1,0,0,0,0,les
0,0,0,0,0,0,0,0,1,0,0,0,0,Home of the Day
0,0,0,0,0,1,0,0,0,0,0,0,0,Eva Bush
0,0,0,0,0,0,0,0,1,0,0,0,0,HeroRareheart ????
0,0,0,0,0,0,0,0,1,0,0,0,0,Brent ??
0,0,0,0,0,0,0,0,1,0,0,0,0,lil choi
0,0,0,0,0,0,0,0,1,0,0,0,0,Diana Audley
0,0,0,0,0,0,0,0,0,0,0,0,1,MAJC Lowly Space Force Pilot Man
0,0,0,0,0,0,0,0,1,0,0,0,0,Andrew
0,0,0,0,0,0,0,0,0,0,0,0,1,Ali Joy
0,0,0,0,0,0,0,0,0,0,0,0,1,tootz
0,0,0,0,0,0,0,0,0,0,0,0,1,demon
0,0,0,0,0,0,0,0,0,0,0,0,1,Sparky ebooks
0,0,0,0,0,0,0,0,0,0,0,0,1,SummerShine
0,0,0,0,0,0,0,0,1,0,0,0,0,Robert T. Anderson
0,0,0,0,0,0,0,0,0,0,0,0,1,Antoine D.
0,0,0,0,0,0,0,0,1,0,0,0,0,BianchiBoy
0,0,0,0,0,0,0,0,1,0,0,0,0,JoAnn Kennedy
0,0,0,0,0,0,0,0,0,0,0,0,1,Daniel Muñoz
0,0,0,0,0,0,0,0,1,0,0,0,0,Woozle&Taffy
0,0,0,0,0,0,0,0,1,0,0,0,0,Armando Vieira
0,0,0,0,0,0,0,0,1,0,0,0,0,Jerrold Curlyfry
0,0,0,0,0,0,0,0,0,0,0,0,1,The Legendary SMYLZ
0,0,0,0,0,0,0,0,1,0,0,0,0,?????
0,0,0,0,0,0,0,0,1,0,0,0,0,Lørd Nät?-bøt
0,0,0,0,0,0,0,0,1,0,0,0,0,IndustrialSupply
0,0,0,0,0,0,0,0,1,0,0,0,0,Hanah Ajamian
0,0,0,0,0,0,0,0,1,0,0,0,0,Tara Wilkinson
0,0,0,0,0,0,0,0,1,0,0,0,0,Deborah Carpenter
0,0,0,0,0,0,0,0,1,0,0,0,0,M Pribicko
0,0,0,0,0,1,0,0,0,0,0,0,0,J Wilhelm
0,0,0,0,0,0,0,0,0,0,0,0,1,leviad
0,0,0,0,0,0,0,0,1,0,0,0,0,MB Mowing
0,0,0,0,0,0,0,0,1,0,0,0,0,Jared Pechacek
0,0,0,0,0,0,0,0,1,0,0,0,0,Blitzcraig88
0,0,0,0,0,0,0,0,1,0,0,0,0,Go4Goldsmith
0,0,0,0,0,0,0,0,0,0,0,0,1,Just A. Caveman ??
0,0,0,0,0,0,0,0,1,0,0,0,0,Jan Anderson
0,0,0,0,0,0,0,0,1,0,0,0,0,TAMUCC SEAS
0,0,0,0,0,0,0,0,0,0,0,0,1,OMG!! BestTweetsEver
0,0,0,0,0,0,0,0,0,0,0,0,1,Alison Innes
0,0,0,0,0,0,0,0,1,0,0,0,0,?? Tamara ??
0,0,0,0,0,1,0,0,0,0,0,0,0,Sullen Ol' Sonofaglitch
0,0,0,0,0,0,0,0,0,0,0,0,1,John Brown
0,0,0,0,0,0,0,0,1,0,0,0,0,ur mom
0,0,0,0,0,0,0,0,1,0,0,0,0,debwerkowski
0,0,0,0,0,0,0,0,1,0,0,0,0,#RATIONALPARTY ?
0,0,0,0,0,0,0,0,0,0,0,0,1,joanne stevenson
0,0,0,0,0,1,0,0,0,0,0,0,0,Andrea
0,0,0,0,0,0,0,0,1,0,0,0,0,Shitlok Holmes
0,0,0,0,0,0,0,0,0,0,0,0,1,Sara Ragsdale
0,0,0,0,0,0,0,0,1,0,0,0,0,Michael Burke
0,0,0,0,0,0,0,1,0,0,0,0,0,julien || ?
0,0,0,0,0,0,0,0,0,0,0,0,1,?????esuna?????
0,0,0,0,0,0,0,0,0,0,0,0,1,DR NEO VORE-TEX @ MFF
0,0,0,0,0,0,0,0,1,0,0,0,0,Tully Diö
0,0,0,0,0,0,0,0,1,0,0,0,0,Hannah Derue
0,0,0,0,0,0,0,0,1,0,0,0,0,Terry Platt
0,0,0,0,0,0,0,0,1,0,0,0,1,103.7 THE PEAK
0,0,0,0,0,0,0,0,1,0,0,0,0,reddit /r/pittsburgh
0,0,0,0,0,0,0,0,1,0,0,0,0,Adam Shoaff
0,0,0,0,0,0,0,0,1,0,0,0,0,FULL GHETTO ALCHEMIST
0,0,0,0,0,0,0,0,1,0,0,0,0,Silke
0,0,0,0,0,0,0,0,0,0,0,0,1,laxus
0,0,0,0,0,0,0,0,0,0,0,0,1,?Erin Clare?
0,0,0,0,0,0,0,0,0,0,0,0,1,Evan
0,0,0,0,0,0,0,0,0,0,0,0,1,Jay Gibson
0,0,0,0,0,0,0,0,1,0,0,0,0,bryce anderson ??
0,0,0,0,0,0,0,0,0,0,0,0,1,RyJ
0,0,0,0,0,0,0,0,1,0,0,0,0,Nate
0,0,0,0,0,0,0,0,1,0,0,0,0,Charlie Bennett
0,0,0,0,0,0,0,0,1,0,0,0,0,Debra?
0,0,0,0,0,0,0,0,1,0,0,0,0,Akhil Karandikar
0,0,0,0,0,0,0,0,1,0,0,0,0,Stephen Zang ??
0,0,0,0,0,0,0,0,1,0,0,0,0,Tanisha
0,0,0,0,0,0,0,1,0,0,0,0,0,Clinically Depressed Sociopath
0,0,0,0,0,0,0,0,0,0,0,0,1,Rookie4Life
0,0,0,0,0,0,0,0,1,0,0,0,0,Devyn
0,0,0,0,0,0,0,0,0,0,0,0,1,Spaniard
0,0,0,0,0,0,0,0,1,0,0,0,0,hebunza
0,0,0,0,0,0,0,0,1,0,0,0,0,Gander News Network
0,0,0,0,0,0,0,0,0,0,0,0,1,Dan Daugherty
0,0,0,0,0,0,0,0,0,0,0,0,1,TheCriticalReviews
0,0,0,0,0,0,0,0,1,0,0,0,0,ShazzBakes
0,0,0,0,0,0,0,0,1,0,0,0,0,XXXDEPRESIÓN??
0,0,0,0,0,0,0,0,1,0,0,0,0,Hamper Sandwich
0,0,0,0,0,0,0,0,1,0,0,0,0,Pitney & Amelia?s Bitchen Boutique ?
0,0,0,0,0,0,0,0,1,0,0,0,0,Ginny
0,0,0,0,0,0,0,0,1,0,0,0,0,Micah
0,0,0,0,0,0,0,0,1,0,0,0,0,Annalise
0,0,0,0,0,0,0,0,1,0,0,0,0,Rodney Smith Jr
0,0,0,0,0,0,0,0,1,0,0,0,0,Christopher Mazzarin
0,0,0,0,0,0,0,0,3,0,0,0,0,HUM Style Awards
0,0,0,0,0,0,0,0,1,0,0,0,1,COT Widespread Panic
0,0,0,0,0,0,0,0,3,0,0,0,1,CashorTrade DMB
0,0,0,0,0,0,0,0,1,0,0,0,0,JonesBusinessConsult
0,0,0,0,0,0,0,0,0,0,0,0,1,antboy 3 @ AWA ?
0,0,0,0,0,0,0,0,1,0,0,0,0,red?wine
0,0,0,0,0,0,0,0,1,0,0,0,0,max loves tsh gc
0,0,0,0,0,0,0,0,0,0,0,0,1,Madelaine Hanson
0,0,0,0,0,0,0,0,0,0,0,0,1,Lariel
0,0,0,0,0,0,0,0,0,0,0,0,1,Bipolar Bear ?
0,0,0,0,0,0,0,0,1,0,0,0,0,Sterling Tinsworthy
0,0,0,0,0,0,0,0,0,0,0,0,1,Skillet
0,0,0,0,0,0,0,0,1,0,0,0,0,PJ Dreams
0,0,0,0,0,0,0,0,1,0,0,0,0,North DFW Weed Man
0,0,0,0,0,0,0,0,0,0,0,0,1,Skyttyl
0,0,0,0,0,0,0,0,1,0,0,0,0,Kayleigh Deese
0,0,0,0,0,0,0,0,1,0,0,0,0,ya boi ghost
0,0,0,0,0,1,0,0,0,0,0,0,0,Tiffany Mannausau
0,0,0,0,0,0,0,0,2,0,0,0,0,GCI Turf services
0,0,0,0,0,0,0,0,0,0,0,0,1,Max Burbank
0,0,0,0,0,0,0,0,0,0,0,0,1,???????@DERPYCON2018?
0,0,0,0,0,0,0,0,1,0,0,0,0,jackson
0,0,0,0,0,0,0,0,1,0,0,0,0,Milly
0,0,0,0,0,0,0,0,1,0,0,0,0,Jave
0,0,0,0,0,0,0,0,0,0,0,0,1,roxx?
0,0,0,0,0,0,0,0,0,0,0,0,1,Sarah Linn
0,0,0,0,0,0,0,0,0,0,0,0,1,meg
0,0,0,0,0,0,0,0,1,0,0,0,0,Tim (STOIC) Huggins
0,0,0,0,0,0,0,0,0,0,0,0,1,ancientgreek
0,0,0,0,0,0,0,0,1,0,0,0,0,Best Boo serve on tl
0,0,0,0,0,0,0,0,1,0,0,0,0,Rob
0,0,0,0,0,0,0,0,1,0,0,0,0,Selena The Don
0,0,0,0,0,0,0,0,0,0,0,0,1,C.M.C.
0,0,0,0,0,0,0,0,1,0,0,0,0,Kat Maybird
0,0,0,0,0,0,0,0,0,0,0,0,1,Insomniac
0,0,0,0,0,0,0,0,0,0,0,0,1,Michael Rectenwald
0,0,0,0,0,0,0,0,0,0,0,0,1,Live Healthy
0,0,0,0,0,0,0,0,1,0,0,0,0,Shopping 4 All
0,0,0,0,0,0,0,0,1,0,0,0,0,MallcopsBOT
0,0,0,0,0,0,0,0,1,0,0,0,0,Moxie Magee
0,0,0,0,0,0,0,0,1,0,0,0,0,Kim Simons
0,0,0,0,0,0,0,0,1,0,0,0,0,? idk if u knew but
0,0,0,0,0,0,0,0,1,0,0,0,0,Mark Baker
0,0,0,0,0,0,0,0,1,0,0,0,0,Hardened Democrat
0,0,0,0,0,0,0,0,1,0,0,0,0,Rob
0,0,0,0,0,0,0,0,1,0,0,0,0,Dropped - Deals
0,0,0,0,0,0,0,0,1,0,0,0,0,Scholar
0,0,0,0,0,0,0,0,0,0,0,0,1,lucas ?
0,0,0,0,0,0,0,0,1,0,0,0,0,Gronk
0,0,0,0,0,0,0,0,1,0,0,0,0,DAMN SKIPPY Super Shiny Elite
0,0,0,0,0,0,0,0,1,0,0,0,2,Howard Lawn
0,0,0,0,0,0,0,0,1,0,0,0,0,La india Maria?
0,0,0,0,0,0,0,0,0,0,0,0,1,Jennfomation Bot
0,0,0,0,0,0,0,0,1,0,0,0,0,Saul Montes-Bradley
0,0,0,0,0,0,0,0,1,0,0,0,0,INFO NEWS FOR YOUR
0,0,0,0,0,0,0,0,1,0,0,0,0,Maggie Mayhem
0,0,0,0,0,0,0,0,0,0,0,0,1,Stable Canadian ?
0,0,0,0,0,0,0,0,1,0,0,0,0,Bernia4Mayor
0,0,0,0,0,0,0,0,0,0,0,0,1,jamie T
0,0,0,0,0,0,0,0,1,0,0,0,0,?odyy
0,0,0,0,0,0,0,0,1,0,0,0,0,Alternative NOAA
0,0,0,0,0,0,0,0,1,0,0,0,0,SteamPunkKettle???????
0,0,0,0,0,0,0,0,1,0,0,0,0,Patricia
0,0,0,0,0,0,0,0,1,0,0,0,0,Mississauga MGs
0,0,0,0,0,0,0,0,1,0,0,0,0,Knightly News
0,0,0,0,0,0,0,0,1,0,0,0,0,First Miami
0,0,0,0,0,0,0,0,1,0,0,0,0,Missy Delaware
0,0,0,0,0,0,0,0,0,0,0,0,1,katie a
0,0,0,0,0,0,0,0,1,0,0,0,0,Jake Luukkonen
0,0,0,0,0,1,0,0,0,0,0,0,0,Norrie Thomas
0,0,0,0,0,0,0,0,0,0,0,0,1,Peter McDade
0,0,0,0,0,0,0,0,0,0,0,0,1,Alt Whitman ??
0,0,0,0,0,0,0,0,1,0,0,0,0,"A & J LAWN CARE, LLC"
0,0,0,0,0,0,0,0,1,0,0,0,0,?Nuts about Gardening?
0,0,0,0,0,0,0,0,0,0,0,0,1,TT Amethyst Evangelista
0,0,0,0,0,1,0,0,0,0,0,0,0,Matthew
0,0,0,0,0,0,0,0,1,0,0,0,0,Norbury Brook Alliance
0,0,0,0,0,0,0,0,0,0,0,0,1,Gunthy Gunther
0,0,0,0,0,0,0,0,1,0,0,0,0,Melissa
0,0,0,0,0,0,0,0,1,0,0,0,0,Ah Wong
0,0,0,0,0,0,0,0,1,0,0,0,0,Wholesalemegamart
0,0,0,0,0,0,0,0,1,0,0,0,0,Eleanor
0,0,0,0,0,0,0,0,0,0,0,0,1,Sad Dad
0,0,0,0,0,0,0,0,1,0,0,0,0,Abby?
0,0,0,0,0,0,0,0,0,0,0,0,1,NateDogMac
0,0,0,0,0,0,0,0,1,0,0,0,0,Thirel Dalof
0,0,0,0,0,0,0,0,0,0,0,0,1,Mike Connelly
0,0,0,0,0,0,0,1,0,0,0,0,0,Emily Richards
0,0,0,0,0,0,0,0,1,0,0,0,0,ThomasS ? Wolansky
0,0,0,0,0,0,0,0,1,0,0,0,0,Bunny Killer
0,0,0,0,0,0,0,0,1,0,0,0,0,NoctisEqui
0,0,0,0,0,1,0,0,0,0,0,0,0,"Elect Eli Ridder, Ward 4"
0,0,0,0,0,0,0,0,1,0,0,0,0,pancho villa
0,0,0,0,0,0,0,0,0,0,0,0,1,Cryptovations [$LUPX]
0,0,0,0,0,0,0,0,0,0,0,0,4,HomeServiceJobs
0,0,0,0,0,0,0,0,1,0,0,0,0,NomadCovfefe
0,0,0,0,0,0,0,0,1,0,0,0,0,???'? ????????
0,0,0,0,0,0,0,0,1,0,0,0,0,Resting Deer Face
0,0,0,0,0,0,0,0,0,0,0,0,1,Dyl Pickled
0,0,0,0,0,0,0,0,1,0,0,0,0,generic estate names
0,0,0,0,0,0,0,0,0,0,0,0,1,Based Tanya
0,0,0,0,0,0,0,0,1,0,0,0,0,Erin
0,0,0,0,0,0,0,0,1,0,0,0,0,Van Erwin III
0,0,0,0,0,0,0,0,1,0,0,0,0,Krook's off stand
0,0,0,0,0,0,0,0,0,0,0,0,1,White Goddess Hylia
0,0,0,0,0,0,0,0,1,0,0,0,0,Poohbear58
0,0,0,0,0,0,0,0,1,0,0,0,0,??JesterJack??
0,0,0,0,0,0,0,0,1,0,0,0,0,Turf Guard
0,0,0,0,0,0,0,0,0,0,0,0,1,UnknownQuantity
0,0,0,0,0,0,0,0,1,0,0,0,0,Kinky Keogh
0,0,0,0,0,0,0,0,1,0,0,0,0,joy | ????
0,0,0,0,0,0,0,0,1,0,0,0,0,PEPPER
0,0,0,0,0,0,0,0,1,0,0,0,0,chaoskaiser72 ?
0,0,0,0,0,0,0,0,1,0,0,0,0,Shaun Manning
0,0,0,0,0,0,0,0,1,0,0,0,0,?????
0,0,0,0,0,0,0,0,1,0,0,0,0,Cory
0,0,0,0,0,0,0,0,1,0,0,0,0,mango
0,0,0,0,0,0,0,0,0,0,0,0,1,Soups ??
0,0,0,0,0,0,0,0,0,0,0,0,1,Robert Sheats
0,0,0,0,0,0,0,0,1,0,0,0,0,Poshakhdresses
0,0,0,0,0,0,0,0,0,0,0,0,1,union cantina
0,0,0,0,0,0,0,0,1,0,0,0,0,D Plorabus Unum
0,0,0,0,0,1,0,0,0,0,0,0,0,coffee????
0,0,0,0,0,0,0,0,1,0,0,0,0,ASMR Cute Vampire Feeding Roleplay
0,0,0,0,0,1,0,0,0,0,0,0,0,Patti Foster
0,0,0,0,0,1,0,0,0,0,0,0,0,Pamella Messer
0,0,0,0,0,0,0,0,1,0,0,0,0,Lorna Huddleston
0,0,0,0,0,0,0,0,1,0,0,0,0,Christine M. Barnes
0,0,0,0,0,0,0,0,0,0,0,0,1,Andrew clay
0,0,0,0,0,0,0,0,1,0,0,0,0,The Firebrand Witch
0,0,0,0,0,0,0,0,0,0,0,0,1,The Cow's Arse
0,0,0,0,0,0,0,0,0,0,0,0,1,KWHealthExpo
0,0,0,0,0,0,0,0,0,0,0,0,1,Tom Baker
0,0,0,0,0,0,0,0,0,0,0,0,1,Tusk Von Jenkins
0,0,0,0,0,0,0,0,1,0,0,0,0,FashionsFor10.com
0,0,0,0,0,0,0,0,0,0,0,0,1,Jamie - Proud Welshman ?????????????
0,0,0,0,0,0,0,0,1,0,0,0,0,Niall Tour Project - Charlotte
0,0,0,0,0,0,0,0,1,0,0,0,0,"Bill Pierce, Democrat for AZ State Mine Inspector"
0,0,0,0,0,0,0,0,2,0,0,0,1,??????????@DerpyCon2018
0,0,0,0,0,0,0,0,1,0,0,0,0,Kick Some Freakin A**?
0,0,0,0,0,1,0,0,0,0,0,0,0,Ruth Richardson
0,0,0,0,0,0,0,0,0,0,0,0,1,"Yes, that, ""Gov."" Holly"
0,0,0,0,0,0,0,0,1,0,0,0,0,Donna Leith-Gudbranson
0,0,0,0,0,0,0,0,1,0,0,0,0,All About Robots
0,0,0,0,0,0,0,0,0,0,0,0,1,Sensory Access
0,0,0,0,0,0,0,0,1,0,0,0,0,9-3-18
0,0,0,0,0,0,0,0,1,0,0,0,0,KtchnBtch
0,0,0,0,0,0,0,0,0,0,0,0,1,Alexa Jones
0,0,0,0,0,0,0,0,0,0,0,0,1,klyle
0,0,0,0,0,0,0,0,1,0,0,0,0,Matthew Guidry
0,0,0,0,0,0,0,0,0,0,0,0,1,Steve Martin
0,0,0,0,0,0,0,0,1,0,0,0,0,Aurrora ???
0,0,0,0,0,0,0,0,0,0,0,0,1,Nichols Reliable Lawn Care & More
0,0,0,0,0,0,0,0,1,0,0,0,0,Katy Boula
0,0,0,0,0,0,0,0,1,0,0,0,0,Woerner Landscape Gulfport
0,0,0,0,0,0,0,0,2,0,0,0,0,Steve from West Lawn
0,0,0,0,0,0,0,0,0,0,0,0,1,Mr. Ed
0,0,0,0,0,0,0,0,1,0,0,0,1,#ResistAnon will rescue us all!
0,0,0,0,0,0,0,0,0,0,0,0,1,bricc
0,0,0,0,0,0,0,0,1,0,0,0,0,Lynn Gallagher
0,0,0,0,0,0,0,0,1,0,0,0,0,Stig Quotes
0,0,0,0,0,0,0,0,1,0,0,0,0,Digital Trends
0,0,0,0,0,0,0,0,2,0,0,0,0,pvlp
0,0,0,0,0,0,0,0,1,0,0,0,0,Zach
0,0,0,0,0,1,0,0,0,0,0,0,0,grant lawn
0,0,0,0,0,0,0,0,1,0,0,0,0,Allen Oxendine
0,0,0,0,0,0,0,0,1,0,0,0,0,Douglas Stone
0,0,0,0,0,0,0,1,0,0,0,0,0,Valencia4Orange
0,0,0,0,0,0,0,0,1,0,0,0,0,Bundle Themes
0,0,0,0,0,1,0,0,0,0,0,0,0,Bosak For Senate
0,0,0,0,0,0,0,0,1,0,0,0,0,CouncilWatch
0,0,0,0,0,0,0,0,1,0,0,0,0,roberto9000
0,0,0,0,0,0,0,0,1,0,0,0,0,Jimmy Levy
0,0,0,0,0,0,0,0,1,0,0,0,0,Jerod Killick ?
0,0,0,0,0,0,0,0,0,0,0,0,1,@LateOnsetADHD
0,0,0,0,0,0,0,0,0,0,0,0,1,Ben Barratt
0,0,0,0,0,0,0,0,0,0,0,0,1,Midland Lawn Bowling
0,0,0,0,0,0,0,0,1,0,0,0,0,Elle | ??
0,0,0,0,0,0,0,0,0,0,0,0,1,chris young
0,0,0,0,0,0,0,0,1,0,0,0,0,Michael Kennedy
0,0,0,0,0,0,0,0,1,0,0,0,0,Bagabones Felis
0,0,0,0,0,0,0,0,1,0,0,0,0,Psychopathic Roach
0,0,0,0,0,0,0,0,1,0,0,0,0,Clumsy Spice?
0,0,0,0,0,0,0,0,0,0,0,0,1,GreaserComics
0,0,0,0,0,0,0,0,0,0,0,0,1,???? ??? ????
0,0,0,0,0,0,0,0,3,0,0,0,0,TrumpTellsFrank
0,0,0,0,0,1,0,0,0,0,0,0,0,namjoon day!! ???!!!
0,0,0,0,0,0,0,0,0,0,0,0,1,Ann Geyer
0,0,0,0,0,0,0,0,0,0,0,0,1,Danforth Bear
0,0,0,0,0,0,0,0,1,0,0,0,0,Lloyd the Deer ?
0,0,0,0,0,0,0,0,0,0,0,0,1,MakeAmericaGreatWithIntegrity
0,0,0,0,0,0,0,0,0,0,0,0,2,California Lawn Diet
0,0,0,0,0,0,0,0,0,0,0,0,1,Cute Soleil @J1 Con
0,0,0,0,0,0,0,0,1,0,0,0,0,Natura Storm
0,0,0,0,0,0,0,0,1,0,0,0,0,??
0,0,0,0,0,0,0,0,1,0,0,0,0,Alexis
0,0,0,0,0,0,0,0,1,0,0,0,0,Amorantha the Muse 18+
0,0,0,0,0,0,0,0,0,0,0,0,1,TheMovementUSA ??
0,0,0,0,0,0,0,0,1,0,0,0,0,????????? {23}
0,0,0,0,0,0,0,1,0,0,0,0,0,IceyJunk10223
0,0,0,0,0,0,0,0,2,0,0,0,0,?$??n?
0,0,0,0,0,0,0,0,1,0,0,0,0,R3tÄrD?d 0Dö oF ChâT1lLõn
0,0,0,0,0,0,0,0,1,0,0,0,0,Werdna
0,0,0,0,0,0,0,0,1,0,0,0,0,HeatherG4Trustee
0,0,0,0,0,0,0,0,0,0,0,0,1,ReElect Bob Sanderson for Mayor
0,0,0,0,0,0,0,0,0,0,0,0,1,??Auslander?
0,0,0,0,0,0,0,1,0,0,0,0,0,6300 North Shore Dr
0,0,0,0,0,0,0,0,0,0,0,0,1,EvilMagnum_PI
0,0,0,0,0,0,0,0,1,0,0,0,0,your mom
0,0,0,0,0,0,0,0,1,0,0,0,0,Kadima
0,0,0,0,0,1,0,0,0,0,0,0,0,Lyndon De Lee Landscaping
0,0,0,0,0,1,0,0,0,0,0,0,0,?Georgie-Rocks?
0,0,0,0,0,0,0,0,1,0,0,0,0,Sydney Slaughter
0,0,0,0,0,0,0,0,1,0,0,0,0,kylie? (CHECK BIO PLS)
0,0,0,0,0,0,0,0,0,0,0,0,1,Mr Bill
0,0,0,0,0,0,0,0,1,0,0,0,0,V I S I O N A R I E S
0,0,0,0,0,0,0,0,1,0,0,0,0,virghoe
0,0,0,0,0,0,0,0,0,0,0,0,1,#IamManassas
0,0,0,0,0,0,0,0,1,0,0,0,0,Dulwich gardeners
0,0,0,0,0,0,0,0,0,0,0,0,1,?fish ?
0,0,0,0,0,0,0,0,1,0,0,0,0,Mike Pilavachi
0,0,0,0,0,0,0,0,1,0,0,0,0,Hannah Poteet
